Underfed_Traces,Fit_Traces
"{{'attributes': {}, 'events': [{'concept:name': 'T_21_Busy'}, '..', {'concept:name': 'time_out'}]}: [{'concept:name': 'time_out'}], {'attributes': {}, 'events': [{'concept:name': 'T_21_Busy'}, '..', {'concept:name': 'time_out'}]}: [{'concept:name': 'time_out'}, {'concept:name': 'time_out'}]}","{{'attributes': {}, 'events': [{'concept:name': 'T_21_Busy'}, '..', {'concept:name': 'T_26_Done'}]}: [{'concept:name': 'T_26_Done'}], {'attributes': {}, 'events': [{'concept:name': 'T_21_Busy'}, '..', {'concept:name': 'T_26_Done'}]}: [{'concept:name': 'T_26_Done'}], {'attributes': {}, 'events': [{'concept:name': 'T_21_Busy'}, '..', {'concept:name': 'T_26_Done'}]}: [{'concept:name': 'T_26_Done'}], {'attributes': {}, 'events': [{'concept:name': 'T_21_Busy'}, '..', {'concept:name': 'T_26_Done'}]}: [{'concept:name': 'T_26_Done'}], {'attributes': {}, 'events': [{'concept:name': 'T_21_Busy'}, '..', {'concept:name': 'time_out'}]}: [{'concept:name': 'time_out'}], {'attributes': {}, 'events': [{'concept:name': 'T_21_Busy'}, '..', {'concept:name': 'time_out'}]}: [{'concept:name': 'time_out'}], {'attributes': {}, 'events': [{'concept:name': 'T_21_Busy'}, '..', {'concept:name': 'T_26_Done'}]}: [{'concept:name': 'T_26_Done'}], {'attributes': {}, 'events': [{'concept:name': 'T_21_Busy'}, '..', {'concept:name': 'time_out'}]}: [{'concept:name': 'time_out'}], {'attributes': {}, 'events': [{'concept:name': 'T_21_Busy'}, '..', {'concept:name': 'time_out'}]}: [{'concept:name': 'time_out'}], {'attributes': {}, 'events': [{'concept:name': 'T_21_Busy'}, '..', {'concept:name': 'T_26_Done'}]}: [{'concept:name': 'T_26_Done'}], {'attributes': {}, 'events': [{'concept:name': 'T_21_Busy'}, '..', {'concept:name': 'T_26_Done'}]}: [{'concept:name': 'T_26_Done'}], {'attributes': {}, 'events': [{'concept:name': 'T_21_Busy'}, '..', {'concept:name': 'T_26_Done'}]}: [{'concept:name': 'T_26_Done'}], {'attributes': {}, 'events': [{'concept:name': 'T_21_Busy'}, '..', {'concept:name': 'time_out'}]}: [{'concept:name': 'time_out'}], {'attributes': {}, 'events': [{'concept:name': 'T_21_Busy'}, '..', {'concept:name': 'time_out'}]}: [{'concept:name': 'time_out'}], {'attributes': {}, 'events': [{'concept:name': 'T_21_Busy'}, '..', {'concept:name': 'T_26_Done'}]}: [{'concept:name': 'T_26_Done'}], {'attributes': {}, 'events': [{'concept:name': 'T_21_Busy'}, '..', {'concept:name': 'time_out'}]}: [{'concept:name': 'time_out'}], {'attributes': {}, 'events': [{'concept:name': 'T_21_Busy'}, '..', {'concept:name': 'T_26_Done'}]}: [{'concept:name': 'T_26_Done'}], {'attributes': {}, 'events': [{'concept:name': 'T_21_Busy'}, '..', {'concept:name': 'T_26_Done'}]}: [{'concept:name': 'T_26_Done'}], {'attributes': {}, 'events': [{'concept:name': 'T_21_Busy'}, '..', {'concept:name': 'time_out'}]}: [{'concept:name': 'time_out'}], {'attributes': {}, 'events': [{'concept:name': 'T_21_Busy'}, '..', {'concept:name': 'time_out'}]}: [{'concept:name': 'time_out'}], {'attributes': {}, 'events': [{'concept:name': 'T_21_Busy'}, '..', {'concept:name': 'time_out'}]}: [{'concept:name': 'time_out'}], {'attributes': {}, 'events': [{'concept:name': 'T_21_Busy'}, '..', {'concept:name': 'time_out'}]}: [{'concept:name': 'time_out'}], {'attributes': {}, 'events': [{'concept:name': 'T_21_Busy'}, '..', {'concept:name': 'time_out'}]}: [{'concept:name': 'time_out'}], {'attributes': {}, 'events': [{'concept:name': 'T_21_Busy'}, '..', {'concept:name': 'time_out'}]}: [{'concept:name': 'time_out'}], {'attributes': {}, 'events': [{'concept:name': 'T_21_Busy'}, '..', {'concept:name': 'time_out'}]}: [{'concept:name': 'time_out'}], {'attributes': {}, 'events': [{'concept:name': 'T_21_Busy'}, '..', {'concept:name': 'time_out'}]}: [{'concept:name': 'time_out'}]}"
{},"{{'attributes': {}, 'events': [{'concept:name': 'T_21_Busy'}, '..', {'concept:name': 'T_26_Done'}]}: [{'concept:name': 'T_26_Done'}], {'attributes': {}, 'events': [{'concept:name': 'T_21_Busy'}, '..', {'concept:name': 'T_26_Done'}]}: [{'concept:name': 'T_26_Done'}], {'attributes': {}, 'events': [{'concept:name': 'T_21_Busy'}, '..', {'concept:name': 'T_26_Done'}]}: [{'concept:name': 'T_26_Done'}], {'attributes': {}, 'events': [{'concept:name': 'T_21_Busy'}, '..', {'concept:name': 'T_26_Done'}]}: [{'concept:name': 'T_26_Done'}], {'attributes': {}, 'events': [{'concept:name': 'T_21_Busy'}, '..', {'concept:name': 'T_26_Done'}]}: [{'concept:name': 'T_26_Done'}], {'attributes': {}, 'events': [{'concept:name': 'T_21_Busy'}, '..', {'concept:name': 'T_26_Done'}]}: [{'concept:name': 'T_26_Done'}], {'attributes': {}, 'events': [{'concept:name': 'T_21_Busy'}, '..', {'concept:name': 'T_26_Done'}]}: [{'concept:name': 'T_26_Done'}], {'attributes': {}, 'events': [{'concept:name': 'T_21_Busy'}, '..', {'concept:name': 'T_26_Done'}]}: [{'concept:name': 'T_26_Done'}], {'attributes': {}, 'events': [{'concept:name': 'T_21_Busy'}, '..', {'concept:name': 'T_26_Done'}]}: [{'concept:name': 'T_26_Done'}], {'attributes': {}, 'events': [{'concept:name': 'T_21_Busy'}, '..', {'concept:name': 'T_26_Done'}]}: [{'concept:name': 'T_26_Done'}], {'attributes': {}, 'events': [{'concept:name': 'T_21_Busy'}, '..', {'concept:name': 'T_26_Done'}]}: [{'concept:name': 'T_26_Done'}]}"
"{{'attributes': {}, 'events': [{'concept:name': 'T_21_Busy'}, '..', {'concept:name': 'time_out'}]}: [{'concept:name': 'time_out'}], {'attributes': {}, 'events': [{'concept:name': 'T_21_Busy'}, '..', {'concept:name': 'time_out'}]}: [{'concept:name': 'time_out'}]}","{{'attributes': {}, 'events': [{'concept:name': 'T_21_Busy'}, '..', {'concept:name': 'time_out'}]}: [{'concept:name': 'time_out'}, {'concept:name': 'time_out'}, {'concept:name': 'time_out'}, {'concept:name': 'time_out'}], {'attributes': {}, 'events': [{'concept:name': 'T_21_Busy'}, '..', {'concept:name': 'time_out'}]}: [{'concept:name': 'time_out'}, {'concept:name': 'time_out'}, {'concept:name': 'time_out'}, {'concept:name': 'time_out'}], {'attributes': {}, 'events': [{'concept:name': 'T_21_Busy'}, '..', {'concept:name': 'time_out'}]}: [{'concept:name': 'time_out'}, {'concept:name': 'time_out'}, {'concept:name': 'time_out'}, {'concept:name': 'time_out'}], {'attributes': {}, 'events': [{'concept:name': 'T_21_Busy'}, '..', {'concept:name': 'time_out'}]}: [{'concept:name': 'time_out'}, {'concept:name': 'time_out'}, {'concept:name': 'time_out'}, {'concept:name': 'time_out'}], {'attributes': {}, 'events': [{'concept:name': 'T_21_Busy'}, '..', {'concept:name': 'time_out'}]}: [{'concept:name': 'time_out'}, {'concept:name': 'time_out'}, {'concept:name': 'time_out'}, {'concept:name': 'time_out'}], {'attributes': {}, 'events': [{'concept:name': 'T_21_Busy'}, '..', {'concept:name': 'time_out'}]}: [{'concept:name': 'time_out'}, {'concept:name': 'time_out'}, {'concept:name': 'time_out'}, {'concept:name': 'time_out'}], {'attributes': {}, 'events': [{'concept:name': 'T_21_Busy'}, '..', {'concept:name': 'time_out'}]}: [{'concept:name': 'time_out'}, {'concept:name': 'time_out'}, {'concept:name': 'time_out'}, {'concept:name': 'time_out'}], {'attributes': {}, 'events': [{'concept:name': 'T_21_Busy'}, '..', {'concept:name': 'time_out'}]}: [{'concept:name': 'time_out'}, {'concept:name': 'time_out'}, {'concept:name': 'time_out'}, {'concept:name': 'time_out'}], {'attributes': {}, 'events': [{'concept:name': 'T_21_Busy'}, '..', {'concept:name': 'time_out'}]}: [{'concept:name': 'time_out'}, {'concept:name': 'time_out'}, {'concept:name': 'time_out'}], {'attributes': {}, 'events': [{'concept:name': 'T_21_Busy'}, '..', {'concept:name': 'time_out'}]}: [{'concept:name': 'time_out'}, {'concept:name': 'time_out'}, {'concept:name': 'time_out'}], {'attributes': {}, 'events': [{'concept:name': 'T_21_Busy'}, '..', {'concept:name': 'time_out'}]}: [{'concept:name': 'time_out'}, {'concept:name': 'time_out'}, {'concept:name': 'time_out'}, {'concept:name': 'time_out'}], {'attributes': {}, 'events': [{'concept:name': 'T_21_Busy'}, '..', {'concept:name': 'time_out'}]}: [{'concept:name': 'time_out'}, {'concept:name': 'time_out'}, {'concept:name': 'time_out'}, {'concept:name': 'time_out'}], {'attributes': {}, 'events': [{'concept:name': 'T_21_Busy'}, '..', {'concept:name': 'time_out'}]}: [{'concept:name': 'time_out'}, {'concept:name': 'time_out'}, {'concept:name': 'time_out'}, {'concept:name': 'time_out'}], {'attributes': {}, 'events': [{'concept:name': 'T_21_Busy'}, '..', {'concept:name': 'time_out'}]}: [{'concept:name': 'time_out'}, {'concept:name': 'time_out'}, {'concept:name': 'time_out'}, {'concept:name': 'time_out'}], {'attributes': {}, 'events': [{'concept:name': 'T_21_Busy'}, '..', {'concept:name': 'time_out'}]}: [{'concept:name': 'time_out'}, {'concept:name': 'time_out'}, {'concept:name': 'time_out'}, {'concept:name': 'time_out'}], {'attributes': {}, 'events': [{'concept:name': 'T_21_Busy'}, '..', {'concept:name': 'time_out'}]}: [{'concept:name': 'time_out'}, {'concept:name': 'time_out'}, {'concept:name': 'time_out'}, {'concept:name': 'time_out'}], {'attributes': {}, 'events': [{'concept:name': 'T_21_Busy'}, '..', {'concept:name': 'time_out'}]}: [{'concept:name': 'time_out'}, {'concept:name': 'time_out'}, {'concept:name': 'time_out'}, {'concept:name': 'time_out'}], {'attributes': {}, 'events': [{'concept:name': 'T_21_Busy'}, '..', {'concept:name': 'time_out'}]}: [{'concept:name': 'time_out'}, {'concept:name': 'time_out'}, {'concept:name': 'time_out'}, {'concept:name': 'time_out'}], {'attributes': {}, 'events': [{'concept:name': 'T_21_Busy'}, '..', {'concept:name': 'time_out'}]}: [{'concept:name': 'time_out'}, {'concept:name': 'time_out'}, {'concept:name': 'time_out'}, {'concept:name': 'time_out'}]}"
"{{'attributes': {}, 'events': [{'concept:name': 'T_21_Busy'}, '..', {'concept:name': 'time_out'}]}: [{'concept:name': 'time_out'}, {'concept:name': 'time_out'}], {'attributes': {}, 'events': [{'concept:name': 'T_21_Busy'}, '..', {'concept:name': 'time_out'}]}: [{'concept:name': 'time_out'}, {'concept:name': 'time_out'}, {'concept:name': 'time_out'}, {'concept:name': 'time_out'}], {'attributes': {}, 'events': [{'concept:name': 'T_21_Busy'}, '..', {'concept:name': 'time_out'}]}: [{'concept:name': 'time_out'}, {'concept:name': 'time_out'}, {'concept:name': 'time_out'}, {'concept:name': 'time_out'}], {'attributes': {}, 'events': [{'concept:name': 'T_21_Busy'}, '..', {'concept:name': 'T_26_Done'}]}: [{'concept:name': 'T_26_Done'}]}","{{'attributes': {}, 'events': [{'concept:name': 'T_21_Busy'}, '..', {'concept:name': 'T_26_Done'}]}: [{'concept:name': 'T_26_Done'}], {'attributes': {}, 'events': [{'concept:name': 'T_21_Busy'}, '..', {'concept:name': 'T_26_Done'}]}: [{'concept:name': 'T_26_Done'}], {'attributes': {}, 'events': [{'concept:name': 'T_21_Busy'}, '..', {'concept:name': 'T_26_Done'}]}: [{'concept:name': 'T_26_Done'}], {'attributes': {}, 'events': [{'concept:name': 'T_21_Busy'}, '..', {'concept:name': 'T_26_Done'}]}: [{'concept:name': 'T_26_Done'}], {'attributes': {}, 'events': [{'concept:name': 'T_21_Busy'}, '..', {'concept:name': 'time_out'}]}: [{'concept:name': 'time_out'}], {'attributes': {}, 'events': [{'concept:name': 'T_21_Busy'}, '..', {'concept:name': 'time_out'}]}: [{'concept:name': 'time_out'}], {'attributes': {}, 'events': [{'concept:name': 'T_21_Busy'}, '..', {'concept:name': 'T_26_Done'}]}: [{'concept:name': 'T_26_Done'}], {'attributes': {}, 'events': [{'concept:name': 'T_21_Busy'}, '..', {'concept:name': 'time_out'}]}: [{'concept:name': 'time_out'}], {'attributes': {}, 'events': [{'concept:name': 'T_21_Busy'}, '..', {'concept:name': 'time_out'}]}: [{'concept:name': 'time_out'}], {'attributes': {}, 'events': [{'concept:name': 'T_21_Busy'}, '..', {'concept:name': 'T_26_Done'}]}: [{'concept:name': 'T_26_Done'}], {'attributes': {}, 'events': [{'concept:name': 'T_21_Busy'}, '..', {'concept:name': 'T_26_Done'}]}: [{'concept:name': 'T_26_Done'}], {'attributes': {}, 'events': [{'concept:name': 'T_21_Busy'}, '..', {'concept:name': 'T_26_Done'}]}: [{'concept:name': 'T_26_Done'}], {'attributes': {}, 'events': [{'concept:name': 'T_21_Busy'}, '..', {'concept:name': 'time_out'}]}: [{'concept:name': 'time_out'}], {'attributes': {}, 'events': [{'concept:name': 'T_21_Busy'}, '..', {'concept:name': 'time_out'}]}: [{'concept:name': 'time_out'}], {'attributes': {}, 'events': [{'concept:name': 'T_21_Busy'}, '..', {'concept:name': 'T_26_Done'}]}: [{'concept:name': 'T_26_Done'}], {'attributes': {}, 'events': [{'concept:name': 'T_21_Busy'}, '..', {'concept:name': 'time_out'}]}: [{'concept:name': 'time_out'}], {'attributes': {}, 'events': [{'concept:name': 'T_21_Busy'}, '..', {'concept:name': 'time_out'}]}: [{'concept:name': 'time_out'}], {'attributes': {}, 'events': [{'concept:name': 'T_21_Busy'}, '..', {'concept:name': 'time_out'}]}: [{'concept:name': 'time_out'}], {'attributes': {}, 'events': [{'concept:name': 'T_21_Busy'}, '..', {'concept:name': 'T_26_Done'}]}: [{'concept:name': 'T_26_Done'}], {'attributes': {}, 'events': [{'concept:name': 'T_21_Busy'}, '..', {'concept:name': 'T_26_Done'}]}: [{'concept:name': 'T_26_Done'}], {'attributes': {}, 'events': [{'concept:name': 'T_21_Busy'}, '..', {'concept:name': 'time_out'}]}: [{'concept:name': 'time_out'}], {'attributes': {}, 'events': [{'concept:name': 'T_21_Busy'}, '..', {'concept:name': 'time_out'}]}: [{'concept:name': 'time_out'}], {'attributes': {}, 'events': [{'concept:name': 'T_21_Busy'}, '..', {'concept:name': 'time_out'}]}: [{'concept:name': 'time_out'}], {'attributes': {}, 'events': [{'concept:name': 'T_21_Busy'}, '..', {'concept:name': 'time_out'}]}: [{'concept:name': 'time_out'}], {'attributes': {}, 'events': [{'concept:name': 'T_21_Busy'}, '..', {'concept:name': 'time_out'}]}: [{'concept:name': 'time_out'}], {'attributes': {}, 'events': [{'concept:name': 'T_21_Busy'}, '..', {'concept:name': 'time_out'}]}: [{'concept:name': 'time_out'}], {'attributes': {}, 'events': [{'concept:name': 'T_21_Busy'}, '..', {'concept:name': 'time_out'}]}: [{'concept:name': 'time_out'}], {'attributes': {}, 'events': [{'concept:name': 'T_21_Busy'}, '..', {'concept:name': 'time_out'}]}: [{'concept:name': 'time_out'}]}"
{},"{{'attributes': {}, 'events': [{'concept:name': 'T_21_Busy'}, '..', {'concept:name': 'T_26_Done'}]}: [{'concept:name': 'T_26_Done'}], {'attributes': {}, 'events': [{'concept:name': 'T_21_Busy'}, '..', {'concept:name': 'T_26_Done'}]}: [{'concept:name': 'T_26_Done'}], {'attributes': {}, 'events': [{'concept:name': 'T_21_Busy'}, '..', {'concept:name': 'T_26_Done'}]}: [{'concept:name': 'T_26_Done'}], {'attributes': {}, 'events': [{'concept:name': 'T_21_Busy'}, '..', {'concept:name': 'T_26_Done'}]}: [{'concept:name': 'T_26_Done'}], {'attributes': {}, 'events': [{'concept:name': 'T_21_Busy'}, '..', {'concept:name': 'time_out'}]}: [{'concept:name': 'time_out'}], {'attributes': {}, 'events': [{'concept:name': 'T_21_Busy'}, '..', {'concept:name': 'T_26_Done'}]}: [{'concept:name': 'T_26_Done'}], {'attributes': {}, 'events': [{'concept:name': 'T_21_Busy'}, '..', {'concept:name': 'time_out'}]}: [{'concept:name': 'time_out'}], {'attributes': {}, 'events': [{'concept:name': 'T_21_Busy'}, '..', {'concept:name': 'T_26_Done'}]}: [{'concept:name': 'T_26_Done'}], {'attributes': {}, 'events': [{'concept:name': 'T_21_Busy'}, '..', {'concept:name': 'T_26_Done'}]}: [{'concept:name': 'T_26_Done'}], {'attributes': {}, 'events': [{'concept:name': 'T_21_Busy'}, '..', {'concept:name': 'T_26_Done'}]}: [{'concept:name': 'T_26_Done'}], {'attributes': {}, 'events': [{'concept:name': 'T_21_Busy'}, '..', {'concept:name': 'time_out'}]}: [{'concept:name': 'time_out'}], {'attributes': {}, 'events': [{'concept:name': 'T_21_Busy'}, '..', {'concept:name': 'T_26_Done'}]}: [{'concept:name': 'T_26_Done'}], {'attributes': {}, 'events': [{'concept:name': 'T_21_Busy'}, '..', {'concept:name': 'time_out'}]}: [{'concept:name': 'time_out'}], {'attributes': {}, 'events': [{'concept:name': 'T_21_Busy'}, '..', {'concept:name': 'T_26_Done'}]}: [{'concept:name': 'T_26_Done'}], {'attributes': {}, 'events': [{'concept:name': 'T_21_Busy'}, '..', {'concept:name': 'T_26_Done'}]}: [{'concept:name': 'T_26_Done'}], {'attributes': {}, 'events': [{'concept:name': 'T_21_Busy'}, '..', {'concept:name': 'time_out'}]}: [{'concept:name': 'time_out'}], {'attributes': {}, 'events': [{'concept:name': 'T_21_Busy'}, '..', {'concept:name': 'time_out'}]}: [{'concept:name': 'time_out'}], {'attributes': {}, 'events': [{'concept:name': 'T_21_Busy'}, '..', {'concept:name': 'time_out'}]}: [{'concept:name': 'time_out'}], {'attributes': {}, 'events': [{'concept:name': 'T_21_Busy'}, '..', {'concept:name': 'time_out'}]}: [{'concept:name': 'time_out'}], {'attributes': {}, 'events': [{'concept:name': 'T_21_Busy'}, '..', {'concept:name': 'time_out'}]}: [{'concept:name': 'time_out'}, {'concept:name': 'time_out'}, {'concept:name': 'time_out'}], {'attributes': {}, 'events': [{'concept:name': 'T_21_Busy'}, '..', {'concept:name': 'time_out'}]}: [{'concept:name': 'time_out'}]}"
{},"{{'attributes': {}, 'events': [{'concept:name': 'T_21_Busy'}, '..', {'concept:name': 'T_26_Done'}]}: [{'concept:name': 'T_26_Done'}], {'attributes': {}, 'events': [{'concept:name': 'T_21_Busy'}, '..', {'concept:name': 'T_26_Done'}]}: [{'concept:name': 'T_26_Done'}], {'attributes': {}, 'events': [{'concept:name': 'T_21_Busy'}, '..', {'concept:name': 'T_26_Done'}]}: [{'concept:name': 'T_26_Done'}], {'attributes': {}, 'events': [{'concept:name': 'T_21_Busy'}, '..', {'concept:name': 'T_26_Done'}]}: [{'concept:name': 'T_26_Done'}], {'attributes': {}, 'events': [{'concept:name': 'T_21_Busy'}, '..', {'concept:name': 'time_out'}]}: [{'concept:name': 'time_out'}], {'attributes': {}, 'events': [{'concept:name': 'T_21_Busy'}, '..', {'concept:name': 'time_out'}]}: [{'concept:name': 'time_out'}], {'attributes': {}, 'events': [{'concept:name': 'T_21_Busy'}, '..', {'concept:name': 'T_26_Done'}]}: [{'concept:name': 'T_26_Done'}], {'attributes': {}, 'events': [{'concept:name': 'T_21_Busy'}, '..', {'concept:name': 'time_out'}]}: [{'concept:name': 'time_out'}], {'attributes': {}, 'events': [{'concept:name': 'T_21_Busy'}, '..', {'concept:name': 'time_out'}]}: [{'concept:name': 'time_out'}], {'attributes': {}, 'events': [{'concept:name': 'T_21_Busy'}, '..', {'concept:name': 'T_26_Done'}]}: [{'concept:name': 'T_26_Done'}], {'attributes': {}, 'events': [{'concept:name': 'T_21_Busy'}, '..', {'concept:name': 'T_26_Done'}]}: [{'concept:name': 'T_26_Done'}], {'attributes': {}, 'events': [{'concept:name': 'T_21_Busy'}, '..', {'concept:name': 'T_26_Done'}]}: [{'concept:name': 'T_26_Done'}], {'attributes': {}, 'events': [{'concept:name': 'T_21_Busy'}, '..', {'concept:name': 'time_out'}]}: [{'concept:name': 'time_out'}], {'attributes': {}, 'events': [{'concept:name': 'T_21_Busy'}, '..', {'concept:name': 'time_out'}]}: [{'concept:name': 'time_out'}], {'attributes': {}, 'events': [{'concept:name': 'T_21_Busy'}, '..', {'concept:name': 'T_26_Done'}]}: [{'concept:name': 'T_26_Done'}], {'attributes': {}, 'events': [{'concept:name': 'T_21_Busy'}, '..', {'concept:name': 'time_out'}]}: [{'concept:name': 'time_out'}], {'attributes': {}, 'events': [{'concept:name': 'T_21_Busy'}, '..', {'concept:name': 'time_out'}]}: [{'concept:name': 'time_out'}], {'attributes': {}, 'events': [{'concept:name': 'T_21_Busy'}, '..', {'concept:name': 'time_out'}]}: [{'concept:name': 'time_out'}], {'attributes': {}, 'events': [{'concept:name': 'T_21_Busy'}, '..', {'concept:name': 'T_26_Done'}]}: [{'concept:name': 'T_26_Done'}], {'attributes': {}, 'events': [{'concept:name': 'T_21_Busy'}, '..', {'concept:name': 'T_26_Done'}]}: [{'concept:name': 'T_26_Done'}], {'attributes': {}, 'events': [{'concept:name': 'T_21_Busy'}, '..', {'concept:name': 'time_out'}]}: [{'concept:name': 'time_out'}], {'attributes': {}, 'events': [{'concept:name': 'T_21_Busy'}, '..', {'concept:name': 'time_out'}]}: [{'concept:name': 'time_out'}], {'attributes': {}, 'events': [{'concept:name': 'T_21_Busy'}, '..', {'concept:name': 'time_out'}]}: [{'concept:name': 'time_out'}], {'attributes': {}, 'events': [{'concept:name': 'T_21_Busy'}, '..', {'concept:name': 'time_out'}]}: [{'concept:name': 'time_out'}], {'attributes': {}, 'events': [{'concept:name': 'T_21_Busy'}, '..', {'concept:name': 'time_out'}]}: [{'concept:name': 'time_out'}], {'attributes': {}, 'events': [{'concept:name': 'T_21_Busy'}, '..', {'concept:name': 'time_out'}]}: [{'concept:name': 'time_out'}], {'attributes': {}, 'events': [{'concept:name': 'T_21_Busy'}, '..', {'concept:name': 'time_out'}]}: [{'concept:name': 'time_out'}], {'attributes': {}, 'events': [{'concept:name': 'T_21_Busy'}, '..', {'concept:name': 'time_out'}]}: [{'concept:name': 'time_out'}]}"
"{{'attributes': {}, 'events': [{'concept:name': 'T_21_Busy'}, '..', {'concept:name': 'time_out'}]}: [{'concept:name': 'time_out'}], {'attributes': {}, 'events': [{'concept:name': 'T_21_Busy'}, '..', {'concept:name': 'time_out'}]}: [{'concept:name': 'time_out'}, {'concept:name': 'time_out'}], {'attributes': {}, 'events': [{'concept:name': 'T_21_Busy'}, '..', {'concept:name': 'time_out'}]}: [{'concept:name': 'time_out'}]}","{{'attributes': {}, 'events': [{'concept:name': 'T_21_Busy'}, '..', {'concept:name': 'T_26_Done'}]}: [{'concept:name': 'T_26_Done'}], {'attributes': {}, 'events': [{'concept:name': 'T_21_Busy'}, '..', {'concept:name': 'T_26_Done'}]}: [{'concept:name': 'T_26_Done'}], {'attributes': {}, 'events': [{'concept:name': 'T_21_Busy'}, '..', {'concept:name': 'T_26_Done'}]}: [{'concept:name': 'T_26_Done'}], {'attributes': {}, 'events': [{'concept:name': 'T_21_Busy'}, '..', {'concept:name': 'T_26_Done'}]}: [{'concept:name': 'T_26_Done'}], {'attributes': {}, 'events': [{'concept:name': 'T_21_Busy'}, '..', {'concept:name': 'time_out'}]}: [{'concept:name': 'time_out'}], {'attributes': {}, 'events': [{'concept:name': 'T_21_Busy'}, '..', {'concept:name': 'time_out'}]}: [{'concept:name': 'time_out'}], {'attributes': {}, 'events': [{'concept:name': 'T_21_Busy'}, '..', {'concept:name': 'T_26_Done'}]}: [{'concept:name': 'T_26_Done'}], {'attributes': {}, 'events': [{'concept:name': 'T_21_Busy'}, '..', {'concept:name': 'time_out'}]}: [{'concept:name': 'time_out'}], {'attributes': {}, 'events': [{'concept:name': 'T_21_Busy'}, '..', {'concept:name': 'time_out'}]}: [{'concept:name': 'time_out'}], {'attributes': {}, 'events': [{'concept:name': 'T_21_Busy'}, '..', {'concept:name': 'T_26_Done'}]}: [{'concept:name': 'T_26_Done'}], {'attributes': {}, 'events': [{'concept:name': 'T_21_Busy'}, '..', {'concept:name': 'T_26_Done'}]}: [{'concept:name': 'T_26_Done'}], {'attributes': {}, 'events': [{'concept:name': 'T_21_Busy'}, '..', {'concept:name': 'T_26_Done'}]}: [{'concept:name': 'T_26_Done'}], {'attributes': {}, 'events': [{'concept:name': 'T_21_Busy'}, '..', {'concept:name': 'time_out'}]}: [{'concept:name': 'time_out'}], {'attributes': {}, 'events': [{'concept:name': 'T_21_Busy'}, '..', {'concept:name': 'time_out'}]}: [{'concept:name': 'time_out'}], {'attributes': {}, 'events': [{'concept:name': 'T_21_Busy'}, '..', {'concept:name': 'T_26_Done'}]}: [{'concept:name': 'T_26_Done'}], {'attributes': {}, 'events': [{'concept:name': 'T_21_Busy'}, '..', {'concept:name': 'time_out'}]}: [{'concept:name': 'time_out'}], {'attributes': {}, 'events': [{'concept:name': 'T_21_Busy'}, '..', {'concept:name': 'T_26_Done'}]}: [{'concept:name': 'T_26_Done'}], {'attributes': {}, 'events': [{'concept:name': 'T_21_Busy'}, '..', {'concept:name': 'T_26_Done'}]}: [{'concept:name': 'T_26_Done'}], {'attributes': {}, 'events': [{'concept:name': 'T_21_Busy'}, '..', {'concept:name': 'time_out'}]}: [{'concept:name': 'time_out'}], {'attributes': {}, 'events': [{'concept:name': 'T_21_Busy'}, '..', {'concept:name': 'time_out'}]}: [{'concept:name': 'time_out'}], {'attributes': {}, 'events': [{'concept:name': 'T_21_Busy'}, '..', {'concept:name': 'time_out'}]}: [{'concept:name': 'time_out'}], {'attributes': {}, 'events': [{'concept:name': 'T_21_Busy'}, '..', {'concept:name': 'time_out'}]}: [{'concept:name': 'time_out'}], {'attributes': {}, 'events': [{'concept:name': 'T_21_Busy'}, '..', {'concept:name': 'time_out'}]}: [{'concept:name': 'time_out'}], {'attributes': {}, 'events': [{'concept:name': 'T_21_Busy'}, '..', {'concept:name': 'time_out'}]}: [{'concept:name': 'time_out'}], {'attributes': {}, 'events': [{'concept:name': 'T_21_Busy'}, '..', {'concept:name': 'time_out'}]}: [{'concept:name': 'time_out'}], {'attributes': {}, 'events': [{'concept:name': 'T_21_Busy'}, '..', {'concept:name': 'time_out'}]}: [{'concept:name': 'time_out'}]}"
{},"{{'attributes': {}, 'events': [{'concept:name': 'T_21_Busy'}, '..', {'concept:name': 'T_26_Done'}]}: [{'concept:name': 'T_26_Done'}], {'attributes': {}, 'events': [{'concept:name': 'T_21_Busy'}, '..', {'concept:name': 'T_26_Done'}]}: [{'concept:name': 'T_26_Done'}], {'attributes': {}, 'events': [{'concept:name': 'T_21_Busy'}, '..', {'concept:name': 'T_26_Done'}]}: [{'concept:name': 'T_26_Done'}], {'attributes': {}, 'events': [{'concept:name': 'T_21_Busy'}, '..', {'concept:name': 'T_26_Done'}]}: [{'concept:name': 'T_26_Done'}], {'attributes': {}, 'events': [{'concept:name': 'T_21_Busy'}, '..', {'concept:name': 'time_out'}]}: [{'concept:name': 'time_out'}], {'attributes': {}, 'events': [{'concept:name': 'T_21_Busy'}, '..', {'concept:name': 'time_out'}]}: [{'concept:name': 'time_out'}], {'attributes': {}, 'events': [{'concept:name': 'T_21_Busy'}, '..', {'concept:name': 'T_26_Done'}]}: [{'concept:name': 'T_26_Done'}], {'attributes': {}, 'events': [{'concept:name': 'T_21_Busy'}, '..', {'concept:name': 'time_out'}]}: [{'concept:name': 'time_out'}], {'attributes': {}, 'events': [{'concept:name': 'T_21_Busy'}, '..', {'concept:name': 'time_out'}]}: [{'concept:name': 'time_out'}], {'attributes': {}, 'events': [{'concept:name': 'T_21_Busy'}, '..', {'concept:name': 'T_26_Done'}]}: [{'concept:name': 'T_26_Done'}], {'attributes': {}, 'events': [{'concept:name': 'T_21_Busy'}, '..', {'concept:name': 'T_26_Done'}]}: [{'concept:name': 'T_26_Done'}], {'attributes': {}, 'events': [{'concept:name': 'T_21_Busy'}, '..', {'concept:name': 'T_26_Done'}]}: [{'concept:name': 'T_26_Done'}], {'attributes': {}, 'events': [{'concept:name': 'T_21_Busy'}, '..', {'concept:name': 'time_out'}]}: [{'concept:name': 'time_out'}], {'attributes': {}, 'events': [{'concept:name': 'T_21_Busy'}, '..', {'concept:name': 'time_out'}]}: [{'concept:name': 'time_out'}], {'attributes': {}, 'events': [{'concept:name': 'T_21_Busy'}, '..', {'concept:name': 'T_26_Done'}]}: [{'concept:name': 'T_26_Done'}], {'attributes': {}, 'events': [{'concept:name': 'T_21_Busy'}, '..', {'concept:name': 'time_out'}]}: [{'concept:name': 'time_out'}], {'attributes': {}, 'events': [{'concept:name': 'T_21_Busy'}, '..', {'concept:name': 'T_26_Done'}]}: [{'concept:name': 'T_26_Done'}], {'attributes': {}, 'events': [{'concept:name': 'T_21_Busy'}, '..', {'concept:name': 'T_26_Done'}]}: [{'concept:name': 'T_26_Done'}], {'attributes': {}, 'events': [{'concept:name': 'T_21_Busy'}, '..', {'concept:name': 'time_out'}]}: [{'concept:name': 'time_out'}], {'attributes': {}, 'events': [{'concept:name': 'T_21_Busy'}, '..', {'concept:name': 'time_out'}]}: [{'concept:name': 'time_out'}], {'attributes': {}, 'events': [{'concept:name': 'T_21_Busy'}, '..', {'concept:name': 'time_out'}]}: [{'concept:name': 'time_out'}], {'attributes': {}, 'events': [{'concept:name': 'T_21_Busy'}, '..', {'concept:name': 'time_out'}]}: [{'concept:name': 'time_out'}], {'attributes': {}, 'events': [{'concept:name': 'T_21_Busy'}, '..', {'concept:name': 'time_out'}]}: [{'concept:name': 'time_out'}], {'attributes': {}, 'events': [{'concept:name': 'T_21_Busy'}, '..', {'concept:name': 'time_out'}]}: [{'concept:name': 'time_out'}], {'attributes': {}, 'events': [{'concept:name': 'T_21_Busy'}, '..', {'concept:name': 'time_out'}]}: [{'concept:name': 'time_out'}], {'attributes': {}, 'events': [{'concept:name': 'T_21_Busy'}, '..', {'concept:name': 'time_out'}]}: [{'concept:name': 'time_out'}]}"
{},"{{'attributes': {}, 'events': [{'concept:name': 'T_21_Busy'}, '..', {'concept:name': 'T_26_Done'}]}: [{'concept:name': 'T_26_Done'}], {'attributes': {}, 'events': [{'concept:name': 'T_21_Busy'}, '..', {'concept:name': 'T_26_Done'}]}: [{'concept:name': 'T_26_Done'}], {'attributes': {}, 'events': [{'concept:name': 'T_21_Busy'}, '..', {'concept:name': 'T_26_Done'}]}: [{'concept:name': 'T_26_Done'}], {'attributes': {}, 'events': [{'concept:name': 'T_21_Busy'}, '..', {'concept:name': 'T_26_Done'}]}: [{'concept:name': 'T_26_Done'}], {'attributes': {}, 'events': [{'concept:name': 'T_21_Busy'}, '..', {'concept:name': 'T_26_Done'}]}: [{'concept:name': 'T_26_Done'}], {'attributes': {}, 'events': [{'concept:name': 'T_21_Busy'}, '..', {'concept:name': 'T_26_Done'}]}: [{'concept:name': 'T_26_Done'}], {'attributes': {}, 'events': [{'concept:name': 'T_21_Busy'}, '..', {'concept:name': 'T_26_Done'}]}: [{'concept:name': 'T_26_Done'}], {'attributes': {}, 'events': [{'concept:name': 'T_21_Busy'}, '..', {'concept:name': 'T_26_Done'}]}: [{'concept:name': 'T_26_Done'}], {'attributes': {}, 'events': [{'concept:name': 'T_21_Busy'}, '..', {'concept:name': 'T_26_Done'}]}: [{'concept:name': 'T_26_Done'}], {'attributes': {}, 'events': [{'concept:name': 'T_21_Busy'}, '..', {'concept:name': 'T_26_Done'}]}: [{'concept:name': 'T_26_Done'}], {'attributes': {}, 'events': [{'concept:name': 'T_21_Busy'}, '..', {'concept:name': 'T_26_Done'}]}: [{'concept:name': 'T_26_Done'}]}"
"{{'attributes': {}, 'events': [{'concept:name': 'T_21_Busy'}, '..', {'concept:name': 'time_out'}]}: [{'concept:name': 'time_out'}], {'attributes': {}, 'events': [{'concept:name': 'T_21_Busy'}, '..', {'concept:name': 'time_out'}]}: [{'concept:name': 'time_out'}, {'concept:name': 'time_out'}], {'attributes': {}, 'events': [{'concept:name': 'T_21_Busy'}, '..', {'concept:name': 'time_out'}]}: [{'concept:name': 'time_out'}]}","{{'attributes': {}, 'events': [{'concept:name': 'T_21_Busy'}, '..', {'concept:name': 'T_26_Done'}]}: [{'concept:name': 'T_26_Done'}], {'attributes': {}, 'events': [{'concept:name': 'T_21_Busy'}, '..', {'concept:name': 'T_26_Done'}]}: [{'concept:name': 'T_26_Done'}], {'attributes': {}, 'events': [{'concept:name': 'T_21_Busy'}, '..', {'concept:name': 'T_26_Done'}]}: [{'concept:name': 'T_26_Done'}], {'attributes': {}, 'events': [{'concept:name': 'T_21_Busy'}, '..', {'concept:name': 'T_26_Done'}]}: [{'concept:name': 'T_26_Done'}], {'attributes': {}, 'events': [{'concept:name': 'T_21_Busy'}, '..', {'concept:name': 'time_out'}]}: [{'concept:name': 'time_out'}], {'attributes': {}, 'events': [{'concept:name': 'T_21_Busy'}, '..', {'concept:name': 'time_out'}]}: [{'concept:name': 'time_out'}], {'attributes': {}, 'events': [{'concept:name': 'T_21_Busy'}, '..', {'concept:name': 'T_26_Done'}]}: [{'concept:name': 'T_26_Done'}], {'attributes': {}, 'events': [{'concept:name': 'T_21_Busy'}, '..', {'concept:name': 'time_out'}]}: [{'concept:name': 'time_out'}], {'attributes': {}, 'events': [{'concept:name': 'T_21_Busy'}, '..', {'concept:name': 'time_out'}]}: [{'concept:name': 'time_out'}], {'attributes': {}, 'events': [{'concept:name': 'T_21_Busy'}, '..', {'concept:name': 'T_26_Done'}]}: [{'concept:name': 'T_26_Done'}], {'attributes': {}, 'events': [{'concept:name': 'T_21_Busy'}, '..', {'concept:name': 'T_26_Done'}]}: [{'concept:name': 'T_26_Done'}], {'attributes': {}, 'events': [{'concept:name': 'T_21_Busy'}, '..', {'concept:name': 'T_26_Done'}]}: [{'concept:name': 'T_26_Done'}], {'attributes': {}, 'events': [{'concept:name': 'T_21_Busy'}, '..', {'concept:name': 'time_out'}]}: [{'concept:name': 'time_out'}], {'attributes': {}, 'events': [{'concept:name': 'T_21_Busy'}, '..', {'concept:name': 'time_out'}]}: [{'concept:name': 'time_out'}], {'attributes': {}, 'events': [{'concept:name': 'T_21_Busy'}, '..', {'concept:name': 'T_26_Done'}]}: [{'concept:name': 'T_26_Done'}], {'attributes': {}, 'events': [{'concept:name': 'T_21_Busy'}, '..', {'concept:name': 'time_out'}]}: [{'concept:name': 'time_out'}], {'attributes': {}, 'events': [{'concept:name': 'T_21_Busy'}, '..', {'concept:name': 'T_26_Done'}]}: [{'concept:name': 'T_26_Done'}], {'attributes': {}, 'events': [{'concept:name': 'T_21_Busy'}, '..', {'concept:name': 'T_26_Done'}]}: [{'concept:name': 'T_26_Done'}], {'attributes': {}, 'events': [{'concept:name': 'T_21_Busy'}, '..', {'concept:name': 'time_out'}]}: [{'concept:name': 'time_out'}], {'attributes': {}, 'events': [{'concept:name': 'T_21_Busy'}, '..', {'concept:name': 'time_out'}]}: [{'concept:name': 'time_out'}], {'attributes': {}, 'events': [{'concept:name': 'T_21_Busy'}, '..', {'concept:name': 'time_out'}]}: [{'concept:name': 'time_out'}], {'attributes': {}, 'events': [{'concept:name': 'T_21_Busy'}, '..', {'concept:name': 'time_out'}]}: [{'concept:name': 'time_out'}], {'attributes': {}, 'events': [{'concept:name': 'T_21_Busy'}, '..', {'concept:name': 'time_out'}]}: [{'concept:name': 'time_out'}], {'attributes': {}, 'events': [{'concept:name': 'T_21_Busy'}, '..', {'concept:name': 'time_out'}]}: [{'concept:name': 'time_out'}], {'attributes': {}, 'events': [{'concept:name': 'T_21_Busy'}, '..', {'concept:name': 'time_out'}]}: [{'concept:name': 'time_out'}], {'attributes': {}, 'events': [{'concept:name': 'T_21_Busy'}, '..', {'concept:name': 'time_out'}]}: [{'concept:name': 'time_out'}]}"
"{{'attributes': {}, 'events': [{'concept:name': 'T_21_Busy'}, '..', {'concept:name': 'T_26_Done'}]}: [{'concept:name': 'T_26_Done'}, {'concept:name': 'T_26_Done'}], {'attributes': {}, 'events': [{'concept:name': 'T_21_Busy'}, '..', {'concept:name': 'time_out'}]}: [{'concept:name': 'time_out'}, {'concept:name': 'time_out'}, {'concept:name': 'time_out'}, {'concept:name': 'time_out'}, {'concept:name': 'time_out'}], {'attributes': {}, 'events': [{'concept:name': 'T_21_Busy'}, '..', {'concept:name': 'T_26_Done'}]}: [{'concept:name': 'T_26_Done'}, {'concept:name': 'T_26_Done'}, {'concept:name': 'T_26_Done'}, {'concept:name': 'T_26_Done'}, {'concept:name': 'T_26_Done'}], {'attributes': {}, 'events': [{'concept:name': 'T_21_Busy'}, '..', {'concept:name': 'time_out'}]}: [{'concept:name': 'time_out'}, {'concept:name': 'time_out'}, {'concept:name': 'time_out'}], {'attributes': {}, 'events': [{'concept:name': 'T_21_Busy'}, '..', {'concept:name': 'time_out'}]}: [{'concept:name': 'time_out'}], {'attributes': {}, 'events': [{'concept:name': 'T_21_Busy'}, '..', {'concept:name': 'T_26_Done'}]}: [{'concept:name': 'T_26_Done'}]}","{{'attributes': {}, 'events': [{'concept:name': 'T_21_Busy'}, '..', {'concept:name': 'T_26_Done'}]}: [{'concept:name': 'T_26_Done'}], {'attributes': {}, 'events': [{'concept:name': 'T_21_Busy'}, '..', {'concept:name': 'T_26_Done'}]}: [{'concept:name': 'T_26_Done'}], {'attributes': {}, 'events': [{'concept:name': 'T_21_Busy'}, '..', {'concept:name': 'T_26_Done'}]}: [{'concept:name': 'T_26_Done'}], {'attributes': {}, 'events': [{'concept:name': 'T_21_Busy'}, '..', {'concept:name': 'T_26_Done'}]}: [{'concept:name': 'T_26_Done'}], {'attributes': {}, 'events': [{'concept:name': 'T_21_Busy'}, '..', {'concept:name': 'time_out'}]}: [{'concept:name': 'time_out'}], {'attributes': {}, 'events': [{'concept:name': 'T_21_Busy'}, '..', {'concept:name': 'time_out'}]}: [{'concept:name': 'time_out'}], {'attributes': {}, 'events': [{'concept:name': 'T_21_Busy'}, '..', {'concept:name': 'T_26_Done'}]}: [{'concept:name': 'T_26_Done'}], {'attributes': {}, 'events': [{'concept:name': 'T_21_Busy'}, '..', {'concept:name': 'time_out'}]}: [{'concept:name': 'time_out'}], {'attributes': {}, 'events': [{'concept:name': 'T_21_Busy'}, '..', {'concept:name': 'time_out'}]}: [{'concept:name': 'time_out'}], {'attributes': {}, 'events': [{'concept:name': 'T_21_Busy'}, '..', {'concept:name': 'T_26_Done'}]}: [{'concept:name': 'T_26_Done'}], {'attributes': {}, 'events': [{'concept:name': 'T_21_Busy'}, '..', {'concept:name': 'T_26_Done'}]}: [{'concept:name': 'T_26_Done'}], {'attributes': {}, 'events': [{'concept:name': 'T_21_Busy'}, '..', {'concept:name': 'time_out'}]}: [{'concept:name': 'time_out'}], {'attributes': {}, 'events': [{'concept:name': 'T_21_Busy'}, '..', {'concept:name': 'time_out'}]}: [{'concept:name': 'time_out'}], {'attributes': {}, 'events': [{'concept:name': 'T_21_Busy'}, '..', {'concept:name': 'T_26_Done'}]}: [{'concept:name': 'T_26_Done'}], {'attributes': {}, 'events': [{'concept:name': 'T_21_Busy'}, '..', {'concept:name': 'time_out'}]}: [{'concept:name': 'time_out'}], {'attributes': {}, 'events': [{'concept:name': 'T_21_Busy'}, '..', {'concept:name': 'time_out'}]}: [{'concept:name': 'time_out'}], {'attributes': {}, 'events': [{'concept:name': 'T_21_Busy'}, '..', {'concept:name': 'T_26_Done'}]}: [{'concept:name': 'T_26_Done'}], {'attributes': {}, 'events': [{'concept:name': 'T_21_Busy'}, '..', {'concept:name': 'time_out'}]}: [{'concept:name': 'time_out'}], {'attributes': {}, 'events': [{'concept:name': 'T_21_Busy'}, '..', {'concept:name': 'time_out'}]}: [{'concept:name': 'time_out'}], {'attributes': {}, 'events': [{'concept:name': 'T_21_Busy'}, '..', {'concept:name': 'time_out'}]}: [{'concept:name': 'time_out'}], {'attributes': {}, 'events': [{'concept:name': 'T_21_Busy'}, '..', {'concept:name': 'T_26_Done'}]}: [{'concept:name': 'T_26_Done'}], {'attributes': {}, 'events': [{'concept:name': 'T_21_Busy'}, '..', {'concept:name': 'T_26_Done'}]}: [{'concept:name': 'T_26_Done'}], {'attributes': {}, 'events': [{'concept:name': 'T_21_Busy'}, '..', {'concept:name': 'time_out'}]}: [{'concept:name': 'time_out'}], {'attributes': {}, 'events': [{'concept:name': 'T_21_Busy'}, '..', {'concept:name': 'time_out'}]}: [{'concept:name': 'time_out'}], {'attributes': {}, 'events': [{'concept:name': 'T_21_Busy'}, '..', {'concept:name': 'time_out'}]}: [{'concept:name': 'time_out'}], {'attributes': {}, 'events': [{'concept:name': 'T_21_Busy'}, '..', {'concept:name': 'time_out'}]}: [{'concept:name': 'time_out'}], {'attributes': {}, 'events': [{'concept:name': 'T_21_Busy'}, '..', {'concept:name': 'time_out'}]}: [{'concept:name': 'time_out'}], {'attributes': {}, 'events': [{'concept:name': 'T_21_Busy'}, '..', {'concept:name': 'time_out'}]}: [{'concept:name': 'time_out'}], {'attributes': {}, 'events': [{'concept:name': 'T_21_Busy'}, '..', {'concept:name': 'time_out'}]}: [{'concept:name': 'time_out'}], {'attributes': {}, 'events': [{'concept:name': 'T_21_Busy'}, '..', {'concept:name': 'time_out'}]}: [{'concept:name': 'time_out'}]}"
"{{'attributes': {}, 'events': [{'concept:name': 'T_21_Busy'}, '..', {'concept:name': 'time_out'}]}: [{'concept:name': 'time_out'}], {'attributes': {}, 'events': [{'concept:name': 'T_21_Busy'}, '..', {'concept:name': 'time_out'}]}: [{'concept:name': 'time_out'}, {'concept:name': 'time_out'}], {'attributes': {}, 'events': [{'concept:name': 'T_21_Busy'}, '..', {'concept:name': 'time_out'}]}: [{'concept:name': 'time_out'}]}","{{'attributes': {}, 'events': [{'concept:name': 'T_21_Busy'}, '..', {'concept:name': 'T_26_Done'}]}: [{'concept:name': 'T_26_Done'}], {'attributes': {}, 'events': [{'concept:name': 'T_21_Busy'}, '..', {'concept:name': 'T_26_Done'}]}: [{'concept:name': 'T_26_Done'}], {'attributes': {}, 'events': [{'concept:name': 'T_21_Busy'}, '..', {'concept:name': 'T_26_Done'}]}: [{'concept:name': 'T_26_Done'}], {'attributes': {}, 'events': [{'concept:name': 'T_21_Busy'}, '..', {'concept:name': 'T_26_Done'}]}: [{'concept:name': 'T_26_Done'}], {'attributes': {}, 'events': [{'concept:name': 'T_21_Busy'}, '..', {'concept:name': 'time_out'}]}: [{'concept:name': 'time_out'}], {'attributes': {}, 'events': [{'concept:name': 'T_21_Busy'}, '..', {'concept:name': 'time_out'}]}: [{'concept:name': 'time_out'}], {'attributes': {}, 'events': [{'concept:name': 'T_21_Busy'}, '..', {'concept:name': 'T_26_Done'}]}: [{'concept:name': 'T_26_Done'}], {'attributes': {}, 'events': [{'concept:name': 'T_21_Busy'}, '..', {'concept:name': 'time_out'}]}: [{'concept:name': 'time_out'}], {'attributes': {}, 'events': [{'concept:name': 'T_21_Busy'}, '..', {'concept:name': 'time_out'}]}: [{'concept:name': 'time_out'}], {'attributes': {}, 'events': [{'concept:name': 'T_21_Busy'}, '..', {'concept:name': 'T_26_Done'}]}: [{'concept:name': 'T_26_Done'}], {'attributes': {}, 'events': [{'concept:name': 'T_21_Busy'}, '..', {'concept:name': 'T_26_Done'}]}: [{'concept:name': 'T_26_Done'}], {'attributes': {}, 'events': [{'concept:name': 'T_21_Busy'}, '..', {'concept:name': 'T_26_Done'}]}: [{'concept:name': 'T_26_Done'}], {'attributes': {}, 'events': [{'concept:name': 'T_21_Busy'}, '..', {'concept:name': 'time_out'}]}: [{'concept:name': 'time_out'}], {'attributes': {}, 'events': [{'concept:name': 'T_21_Busy'}, '..', {'concept:name': 'time_out'}]}: [{'concept:name': 'time_out'}], {'attributes': {}, 'events': [{'concept:name': 'T_21_Busy'}, '..', {'concept:name': 'T_26_Done'}]}: [{'concept:name': 'T_26_Done'}], {'attributes': {}, 'events': [{'concept:name': 'T_21_Busy'}, '..', {'concept:name': 'time_out'}]}: [{'concept:name': 'time_out'}], {'attributes': {}, 'events': [{'concept:name': 'T_21_Busy'}, '..', {'concept:name': 'T_26_Done'}]}: [{'concept:name': 'T_26_Done'}], {'attributes': {}, 'events': [{'concept:name': 'T_21_Busy'}, '..', {'concept:name': 'T_26_Done'}]}: [{'concept:name': 'T_26_Done'}], {'attributes': {}, 'events': [{'concept:name': 'T_21_Busy'}, '..', {'concept:name': 'time_out'}]}: [{'concept:name': 'time_out'}], {'attributes': {}, 'events': [{'concept:name': 'T_21_Busy'}, '..', {'concept:name': 'time_out'}]}: [{'concept:name': 'time_out'}], {'attributes': {}, 'events': [{'concept:name': 'T_21_Busy'}, '..', {'concept:name': 'time_out'}]}: [{'concept:name': 'time_out'}], {'attributes': {}, 'events': [{'concept:name': 'T_21_Busy'}, '..', {'concept:name': 'time_out'}]}: [{'concept:name': 'time_out'}], {'attributes': {}, 'events': [{'concept:name': 'T_21_Busy'}, '..', {'concept:name': 'time_out'}]}: [{'concept:name': 'time_out'}], {'attributes': {}, 'events': [{'concept:name': 'T_21_Busy'}, '..', {'concept:name': 'time_out'}]}: [{'concept:name': 'time_out'}], {'attributes': {}, 'events': [{'concept:name': 'T_21_Busy'}, '..', {'concept:name': 'time_out'}]}: [{'concept:name': 'time_out'}], {'attributes': {}, 'events': [{'concept:name': 'T_21_Busy'}, '..', {'concept:name': 'time_out'}]}: [{'concept:name': 'time_out'}]}"
{},"{{'attributes': {}, 'events': [{'concept:name': 'T_21_Busy'}, '..', {'concept:name': 'T_26_Done'}]}: [{'concept:name': 'T_26_Done'}], {'attributes': {}, 'events': [{'concept:name': 'T_21_Busy'}, '..', {'concept:name': 'T_26_Done'}]}: [{'concept:name': 'T_26_Done'}], {'attributes': {}, 'events': [{'concept:name': 'T_21_Busy'}, '..', {'concept:name': 'T_26_Done'}]}: [{'concept:name': 'T_26_Done'}], {'attributes': {}, 'events': [{'concept:name': 'T_21_Busy'}, '..', {'concept:name': 'T_26_Done'}]}: [{'concept:name': 'T_26_Done'}], {'attributes': {}, 'events': [{'concept:name': 'T_21_Busy'}, '..', {'concept:name': 'time_out'}]}: [{'concept:name': 'time_out'}], {'attributes': {}, 'events': [{'concept:name': 'T_21_Busy'}, '..', {'concept:name': 'time_out'}]}: [{'concept:name': 'time_out'}], {'attributes': {}, 'events': [{'concept:name': 'T_21_Busy'}, '..', {'concept:name': 'T_26_Done'}]}: [{'concept:name': 'T_26_Done'}], {'attributes': {}, 'events': [{'concept:name': 'T_21_Busy'}, '..', {'concept:name': 'time_out'}]}: [{'concept:name': 'time_out'}], {'attributes': {}, 'events': [{'concept:name': 'T_21_Busy'}, '..', {'concept:name': 'time_out'}]}: [{'concept:name': 'time_out'}], {'attributes': {}, 'events': [{'concept:name': 'T_21_Busy'}, '..', {'concept:name': 'T_26_Done'}]}: [{'concept:name': 'T_26_Done'}], {'attributes': {}, 'events': [{'concept:name': 'T_21_Busy'}, '..', {'concept:name': 'T_26_Done'}]}: [{'concept:name': 'T_26_Done'}], {'attributes': {}, 'events': [{'concept:name': 'T_21_Busy'}, '..', {'concept:name': 'T_26_Done'}]}: [{'concept:name': 'T_26_Done'}], {'attributes': {}, 'events': [{'concept:name': 'T_21_Busy'}, '..', {'concept:name': 'time_out'}]}: [{'concept:name': 'time_out'}], {'attributes': {}, 'events': [{'concept:name': 'T_21_Busy'}, '..', {'concept:name': 'time_out'}]}: [{'concept:name': 'time_out'}], {'attributes': {}, 'events': [{'concept:name': 'T_21_Busy'}, '..', {'concept:name': 'T_26_Done'}]}: [{'concept:name': 'T_26_Done'}], {'attributes': {}, 'events': [{'concept:name': 'T_21_Busy'}, '..', {'concept:name': 'time_out'}]}: [{'concept:name': 'time_out'}], {'attributes': {}, 'events': [{'concept:name': 'T_21_Busy'}, '..', {'concept:name': 'T_26_Done'}]}: [{'concept:name': 'T_26_Done'}], {'attributes': {}, 'events': [{'concept:name': 'T_21_Busy'}, '..', {'concept:name': 'T_26_Done'}]}: [{'concept:name': 'T_26_Done'}], {'attributes': {}, 'events': [{'concept:name': 'T_21_Busy'}, '..', {'concept:name': 'time_out'}]}: [{'concept:name': 'time_out'}], {'attributes': {}, 'events': [{'concept:name': 'T_21_Busy'}, '..', {'concept:name': 'time_out'}]}: [{'concept:name': 'time_out'}], {'attributes': {}, 'events': [{'concept:name': 'T_21_Busy'}, '..', {'concept:name': 'time_out'}]}: [{'concept:name': 'time_out'}], {'attributes': {}, 'events': [{'concept:name': 'T_21_Busy'}, '..', {'concept:name': 'time_out'}]}: [{'concept:name': 'time_out'}, {'concept:name': 'time_out'}], {'attributes': {}, 'events': [{'concept:name': 'T_21_Busy'}, '..', {'concept:name': 'time_out'}]}: [{'concept:name': 'time_out'}], {'attributes': {}, 'events': [{'concept:name': 'T_21_Busy'}, '..', {'concept:name': 'time_out'}]}: [{'concept:name': 'time_out'}], {'attributes': {}, 'events': [{'concept:name': 'T_21_Busy'}, '..', {'concept:name': 'time_out'}]}: [{'concept:name': 'time_out'}, {'concept:name': 'time_out'}, {'concept:name': 'time_out'}], {'attributes': {}, 'events': [{'concept:name': 'T_21_Busy'}, '..', {'concept:name': 'time_out'}]}: [{'concept:name': 'time_out'}, {'concept:name': 'time_out'}]}"
"{{'attributes': {}, 'events': [{'concept:name': 'T_21_Busy'}, '..', {'concept:name': 'T_26_Done'}]}: [{'concept:name': 'T_26_Done'}, {'concept:name': 'T_26_Done'}, {'concept:name': 'T_26_Done'}, {'concept:name': 'T_26_Done'}], {'attributes': {}, 'events': [{'concept:name': 'T_21_Busy'}, '..', {'concept:name': 'time_out'}]}: [{'concept:name': 'time_out'}, {'concept:name': 'time_out'}, {'concept:name': 'time_out'}]}","{{'attributes': {}, 'events': [{'concept:name': 'T_21_Busy'}, '..', {'concept:name': 'T_26_Done'}]}: [{'concept:name': 'T_26_Done'}], {'attributes': {}, 'events': [{'concept:name': 'T_21_Busy'}, '..', {'concept:name': 'T_26_Done'}]}: [{'concept:name': 'T_26_Done'}], {'attributes': {}, 'events': [{'concept:name': 'T_21_Busy'}, '..', {'concept:name': 'T_26_Done'}]}: [{'concept:name': 'T_26_Done'}], {'attributes': {}, 'events': [{'concept:name': 'T_21_Busy'}, '..', {'concept:name': 'T_26_Done'}]}: [{'concept:name': 'T_26_Done'}], {'attributes': {}, 'events': [{'concept:name': 'T_21_Busy'}, '..', {'concept:name': 'time_out'}]}: [{'concept:name': 'time_out'}], {'attributes': {}, 'events': [{'concept:name': 'T_21_Busy'}, '..', {'concept:name': 'time_out'}]}: [{'concept:name': 'time_out'}], {'attributes': {}, 'events': [{'concept:name': 'T_21_Busy'}, '..', {'concept:name': 'T_26_Done'}]}: [{'concept:name': 'T_26_Done'}], {'attributes': {}, 'events': [{'concept:name': 'T_21_Busy'}, '..', {'concept:name': 'time_out'}]}: [{'concept:name': 'time_out'}], {'attributes': {}, 'events': [{'concept:name': 'T_21_Busy'}, '..', {'concept:name': 'time_out'}]}: [{'concept:name': 'time_out'}], {'attributes': {}, 'events': [{'concept:name': 'T_21_Busy'}, '..', {'concept:name': 'T_26_Done'}]}: [{'concept:name': 'T_26_Done'}], {'attributes': {}, 'events': [{'concept:name': 'T_21_Busy'}, '..', {'concept:name': 'T_26_Done'}]}: [{'concept:name': 'T_26_Done'}], {'attributes': {}, 'events': [{'concept:name': 'T_21_Busy'}, '..', {'concept:name': 'T_26_Done'}]}: [{'concept:name': 'T_26_Done'}], {'attributes': {}, 'events': [{'concept:name': 'T_21_Busy'}, '..', {'concept:name': 'time_out'}]}: [{'concept:name': 'time_out'}], {'attributes': {}, 'events': [{'concept:name': 'T_21_Busy'}, '..', {'concept:name': 'time_out'}]}: [{'concept:name': 'time_out'}], {'attributes': {}, 'events': [{'concept:name': 'T_21_Busy'}, '..', {'concept:name': 'T_26_Done'}]}: [{'concept:name': 'T_26_Done'}], {'attributes': {}, 'events': [{'concept:name': 'T_21_Busy'}, '..', {'concept:name': 'time_out'}]}: [{'concept:name': 'time_out'}], {'attributes': {}, 'events': [{'concept:name': 'T_21_Busy'}, '..', {'concept:name': 'T_26_Done'}]}: [{'concept:name': 'T_26_Done'}], {'attributes': {}, 'events': [{'concept:name': 'T_21_Busy'}, '..', {'concept:name': 'T_26_Done'}]}: [{'concept:name': 'T_26_Done'}], {'attributes': {}, 'events': [{'concept:name': 'T_21_Busy'}, '..', {'concept:name': 'time_out'}]}: [{'concept:name': 'time_out'}], {'attributes': {}, 'events': [{'concept:name': 'T_21_Busy'}, '..', {'concept:name': 'time_out'}]}: [{'concept:name': 'time_out'}], {'attributes': {}, 'events': [{'concept:name': 'T_21_Busy'}, '..', {'concept:name': 'time_out'}]}: [{'concept:name': 'time_out'}], {'attributes': {}, 'events': [{'concept:name': 'T_21_Busy'}, '..', {'concept:name': 'time_out'}]}: [{'concept:name': 'time_out'}], {'attributes': {}, 'events': [{'concept:name': 'T_21_Busy'}, '..', {'concept:name': 'time_out'}]}: [{'concept:name': 'time_out'}], {'attributes': {}, 'events': [{'concept:name': 'T_21_Busy'}, '..', {'concept:name': 'time_out'}]}: [{'concept:name': 'time_out'}], {'attributes': {}, 'events': [{'concept:name': 'T_21_Busy'}, '..', {'concept:name': 'time_out'}]}: [{'concept:name': 'time_out'}], {'attributes': {}, 'events': [{'concept:name': 'T_21_Busy'}, '..', {'concept:name': 'time_out'}]}: [{'concept:name': 'time_out'}]}"
{},"{{'attributes': {}, 'events': [{'concept:name': 'T_21_Busy'}, '..', {'concept:name': 'T_26_Done'}]}: [{'concept:name': 'T_26_Done'}], {'attributes': {}, 'events': [{'concept:name': 'T_21_Busy'}, '..', {'concept:name': 'T_26_Done'}]}: [{'concept:name': 'T_26_Done'}], {'attributes': {}, 'events': [{'concept:name': 'T_21_Busy'}, '..', {'concept:name': 'T_26_Done'}]}: [{'concept:name': 'T_26_Done'}], {'attributes': {}, 'events': [{'concept:name': 'T_21_Busy'}, '..', {'concept:name': 'T_26_Done'}]}: [{'concept:name': 'T_26_Done'}], {'attributes': {}, 'events': [{'concept:name': 'T_21_Busy'}, '..', {'concept:name': 'time_out'}]}: [{'concept:name': 'time_out'}], {'attributes': {}, 'events': [{'concept:name': 'T_21_Busy'}, '..', {'concept:name': 'T_26_Done'}]}: [{'concept:name': 'T_26_Done'}], {'attributes': {}, 'events': [{'concept:name': 'T_21_Busy'}, '..', {'concept:name': 'time_out'}]}: [{'concept:name': 'time_out'}], {'attributes': {}, 'events': [{'concept:name': 'T_21_Busy'}, '..', {'concept:name': 'T_26_Done'}]}: [{'concept:name': 'T_26_Done'}], {'attributes': {}, 'events': [{'concept:name': 'T_21_Busy'}, '..', {'concept:name': 'T_26_Done'}]}: [{'concept:name': 'T_26_Done'}], {'attributes': {}, 'events': [{'concept:name': 'T_21_Busy'}, '..', {'concept:name': 'T_26_Done'}]}: [{'concept:name': 'T_26_Done'}], {'attributes': {}, 'events': [{'concept:name': 'T_21_Busy'}, '..', {'concept:name': 'time_out'}]}: [{'concept:name': 'time_out'}], {'attributes': {}, 'events': [{'concept:name': 'T_21_Busy'}, '..', {'concept:name': 'T_26_Done'}]}: [{'concept:name': 'T_26_Done'}], {'attributes': {}, 'events': [{'concept:name': 'T_21_Busy'}, '..', {'concept:name': 'time_out'}]}: [{'concept:name': 'time_out'}], {'attributes': {}, 'events': [{'concept:name': 'T_21_Busy'}, '..', {'concept:name': 'T_26_Done'}]}: [{'concept:name': 'T_26_Done'}], {'attributes': {}, 'events': [{'concept:name': 'T_21_Busy'}, '..', {'concept:name': 'T_26_Done'}]}: [{'concept:name': 'T_26_Done'}], {'attributes': {}, 'events': [{'concept:name': 'T_21_Busy'}, '..', {'concept:name': 'time_out'}]}: [{'concept:name': 'time_out'}], {'attributes': {}, 'events': [{'concept:name': 'T_21_Busy'}, '..', {'concept:name': 'time_out'}]}: [{'concept:name': 'time_out'}], {'attributes': {}, 'events': [{'concept:name': 'T_21_Busy'}, '..', {'concept:name': 'time_out'}]}: [{'concept:name': 'time_out'}], {'attributes': {}, 'events': [{'concept:name': 'T_21_Busy'}, '..', {'concept:name': 'time_out'}]}: [{'concept:name': 'time_out'}], {'attributes': {}, 'events': [{'concept:name': 'T_21_Busy'}, '..', {'concept:name': 'time_out'}]}: [{'concept:name': 'time_out'}, {'concept:name': 'time_out'}, {'concept:name': 'time_out'}], {'attributes': {}, 'events': [{'concept:name': 'T_21_Busy'}, '..', {'concept:name': 'time_out'}]}: [{'concept:name': 'time_out'}]}"
{},"{{'attributes': {}, 'events': [{'concept:name': 'T_21_Busy'}, '..', {'concept:name': 'T_26_Done'}]}: [{'concept:name': 'T_26_Done'}], {'attributes': {}, 'events': [{'concept:name': 'T_21_Busy'}, '..', {'concept:name': 'T_26_Done'}]}: [{'concept:name': 'T_26_Done'}], {'attributes': {}, 'events': [{'concept:name': 'T_21_Busy'}, '..', {'concept:name': 'T_26_Done'}]}: [{'concept:name': 'T_26_Done'}], {'attributes': {}, 'events': [{'concept:name': 'T_21_Busy'}, '..', {'concept:name': 'T_26_Done'}]}: [{'concept:name': 'T_26_Done'}], {'attributes': {}, 'events': [{'concept:name': 'T_21_Busy'}, '..', {'concept:name': 'time_out'}]}: [{'concept:name': 'time_out'}], {'attributes': {}, 'events': [{'concept:name': 'T_21_Busy'}, '..', {'concept:name': 'T_26_Done'}]}: [{'concept:name': 'T_26_Done'}], {'attributes': {}, 'events': [{'concept:name': 'T_21_Busy'}, '..', {'concept:name': 'time_out'}]}: [{'concept:name': 'time_out'}], {'attributes': {}, 'events': [{'concept:name': 'T_21_Busy'}, '..', {'concept:name': 'T_26_Done'}]}: [{'concept:name': 'T_26_Done'}], {'attributes': {}, 'events': [{'concept:name': 'T_21_Busy'}, '..', {'concept:name': 'T_26_Done'}]}: [{'concept:name': 'T_26_Done'}], {'attributes': {}, 'events': [{'concept:name': 'T_21_Busy'}, '..', {'concept:name': 'T_26_Done'}]}: [{'concept:name': 'T_26_Done'}], {'attributes': {}, 'events': [{'concept:name': 'T_21_Busy'}, '..', {'concept:name': 'time_out'}]}: [{'concept:name': 'time_out'}], {'attributes': {}, 'events': [{'concept:name': 'T_21_Busy'}, '..', {'concept:name': 'T_26_Done'}]}: [{'concept:name': 'T_26_Done'}], {'attributes': {}, 'events': [{'concept:name': 'T_21_Busy'}, '..', {'concept:name': 'time_out'}]}: [{'concept:name': 'time_out'}], {'attributes': {}, 'events': [{'concept:name': 'T_21_Busy'}, '..', {'concept:name': 'T_26_Done'}]}: [{'concept:name': 'T_26_Done'}], {'attributes': {}, 'events': [{'concept:name': 'T_21_Busy'}, '..', {'concept:name': 'T_26_Done'}]}: [{'concept:name': 'T_26_Done'}], {'attributes': {}, 'events': [{'concept:name': 'T_21_Busy'}, '..', {'concept:name': 'time_out'}]}: [{'concept:name': 'time_out'}], {'attributes': {}, 'events': [{'concept:name': 'T_21_Busy'}, '..', {'concept:name': 'time_out'}]}: [{'concept:name': 'time_out'}], {'attributes': {}, 'events': [{'concept:name': 'T_21_Busy'}, '..', {'concept:name': 'time_out'}]}: [{'concept:name': 'time_out'}], {'attributes': {}, 'events': [{'concept:name': 'T_21_Busy'}, '..', {'concept:name': 'time_out'}]}: [{'concept:name': 'time_out'}], {'attributes': {}, 'events': [{'concept:name': 'T_21_Busy'}, '..', {'concept:name': 'time_out'}]}: [{'concept:name': 'time_out'}, {'concept:name': 'time_out'}, {'concept:name': 'time_out'}], {'attributes': {}, 'events': [{'concept:name': 'T_21_Busy'}, '..', {'concept:name': 'time_out'}]}: [{'concept:name': 'time_out'}]}"
{},"{{'attributes': {}, 'events': [{'concept:name': 'T_21_Busy'}, '..', {'concept:name': 'T_26_Done'}]}: [{'concept:name': 'T_26_Done'}], {'attributes': {}, 'events': [{'concept:name': 'T_21_Busy'}, '..', {'concept:name': 'T_26_Done'}]}: [{'concept:name': 'T_26_Done'}], {'attributes': {}, 'events': [{'concept:name': 'T_21_Busy'}, '..', {'concept:name': 'T_26_Done'}]}: [{'concept:name': 'T_26_Done'}], {'attributes': {}, 'events': [{'concept:name': 'T_21_Busy'}, '..', {'concept:name': 'T_26_Done'}]}: [{'concept:name': 'T_26_Done'}], {'attributes': {}, 'events': [{'concept:name': 'T_21_Busy'}, '..', {'concept:name': 'time_out'}]}: [{'concept:name': 'time_out'}], {'attributes': {}, 'events': [{'concept:name': 'T_21_Busy'}, '..', {'concept:name': 'time_out'}]}: [{'concept:name': 'time_out'}], {'attributes': {}, 'events': [{'concept:name': 'T_21_Busy'}, '..', {'concept:name': 'T_26_Done'}]}: [{'concept:name': 'T_26_Done'}], {'attributes': {}, 'events': [{'concept:name': 'T_21_Busy'}, '..', {'concept:name': 'time_out'}]}: [{'concept:name': 'time_out'}], {'attributes': {}, 'events': [{'concept:name': 'T_21_Busy'}, '..', {'concept:name': 'time_out'}]}: [{'concept:name': 'time_out'}], {'attributes': {}, 'events': [{'concept:name': 'T_21_Busy'}, '..', {'concept:name': 'T_26_Done'}]}: [{'concept:name': 'T_26_Done'}], {'attributes': {}, 'events': [{'concept:name': 'T_21_Busy'}, '..', {'concept:name': 'T_26_Done'}]}: [{'concept:name': 'T_26_Done'}], {'attributes': {}, 'events': [{'concept:name': 'T_21_Busy'}, '..', {'concept:name': 'T_26_Done'}]}: [{'concept:name': 'T_26_Done'}], {'attributes': {}, 'events': [{'concept:name': 'T_21_Busy'}, '..', {'concept:name': 'time_out'}]}: [{'concept:name': 'time_out'}], {'attributes': {}, 'events': [{'concept:name': 'T_21_Busy'}, '..', {'concept:name': 'time_out'}]}: [{'concept:name': 'time_out'}], {'attributes': {}, 'events': [{'concept:name': 'T_21_Busy'}, '..', {'concept:name': 'T_26_Done'}]}: [{'concept:name': 'T_26_Done'}], {'attributes': {}, 'events': [{'concept:name': 'T_21_Busy'}, '..', {'concept:name': 'time_out'}]}: [{'concept:name': 'time_out'}], {'attributes': {}, 'events': [{'concept:name': 'T_21_Busy'}, '..', {'concept:name': 'T_26_Done'}]}: [{'concept:name': 'T_26_Done'}], {'attributes': {}, 'events': [{'concept:name': 'T_21_Busy'}, '..', {'concept:name': 'T_26_Done'}]}: [{'concept:name': 'T_26_Done'}], {'attributes': {}, 'events': [{'concept:name': 'T_21_Busy'}, '..', {'concept:name': 'time_out'}]}: [{'concept:name': 'time_out'}], {'attributes': {}, 'events': [{'concept:name': 'T_21_Busy'}, '..', {'concept:name': 'time_out'}]}: [{'concept:name': 'time_out'}], {'attributes': {}, 'events': [{'concept:name': 'T_21_Busy'}, '..', {'concept:name': 'time_out'}]}: [{'concept:name': 'time_out'}], {'attributes': {}, 'events': [{'concept:name': 'T_21_Busy'}, '..', {'concept:name': 'time_out'}]}: [{'concept:name': 'time_out'}], {'attributes': {}, 'events': [{'concept:name': 'T_21_Busy'}, '..', {'concept:name': 'time_out'}]}: [{'concept:name': 'time_out'}], {'attributes': {}, 'events': [{'concept:name': 'T_21_Busy'}, '..', {'concept:name': 'time_out'}]}: [{'concept:name': 'time_out'}], {'attributes': {}, 'events': [{'concept:name': 'T_21_Busy'}, '..', {'concept:name': 'time_out'}]}: [{'concept:name': 'time_out'}], {'attributes': {}, 'events': [{'concept:name': 'T_21_Busy'}, '..', {'concept:name': 'time_out'}]}: [{'concept:name': 'time_out'}]}"
"{{'attributes': {}, 'events': [{'concept:name': 'T_21_Busy'}, '..', {'concept:name': 'time_out'}]}: [{'concept:name': 'time_out'}], {'attributes': {}, 'events': [{'concept:name': 'T_21_Busy'}, '..', {'concept:name': 'time_out'}]}: [{'concept:name': 'time_out'}, {'concept:name': 'time_out'}]}","{{'attributes': {}, 'events': [{'concept:name': 'T_21_Busy'}, '..', {'concept:name': 'T_26_Done'}]}: [{'concept:name': 'T_26_Done'}], {'attributes': {}, 'events': [{'concept:name': 'T_21_Busy'}, '..', {'concept:name': 'T_26_Done'}]}: [{'concept:name': 'T_26_Done'}], {'attributes': {}, 'events': [{'concept:name': 'T_21_Busy'}, '..', {'concept:name': 'T_26_Done'}]}: [{'concept:name': 'T_26_Done'}], {'attributes': {}, 'events': [{'concept:name': 'T_21_Busy'}, '..', {'concept:name': 'T_26_Done'}]}: [{'concept:name': 'T_26_Done'}], {'attributes': {}, 'events': [{'concept:name': 'T_21_Busy'}, '..', {'concept:name': 'time_out'}]}: [{'concept:name': 'time_out'}], {'attributes': {}, 'events': [{'concept:name': 'T_21_Busy'}, '..', {'concept:name': 'time_out'}]}: [{'concept:name': 'time_out'}], {'attributes': {}, 'events': [{'concept:name': 'T_21_Busy'}, '..', {'concept:name': 'T_26_Done'}]}: [{'concept:name': 'T_26_Done'}], {'attributes': {}, 'events': [{'concept:name': 'T_21_Busy'}, '..', {'concept:name': 'time_out'}]}: [{'concept:name': 'time_out'}], {'attributes': {}, 'events': [{'concept:name': 'T_21_Busy'}, '..', {'concept:name': 'time_out'}]}: [{'concept:name': 'time_out'}], {'attributes': {}, 'events': [{'concept:name': 'T_21_Busy'}, '..', {'concept:name': 'T_26_Done'}]}: [{'concept:name': 'T_26_Done'}], {'attributes': {}, 'events': [{'concept:name': 'T_21_Busy'}, '..', {'concept:name': 'T_26_Done'}]}: [{'concept:name': 'T_26_Done'}], {'attributes': {}, 'events': [{'concept:name': 'T_21_Busy'}, '..', {'concept:name': 'T_26_Done'}]}: [{'concept:name': 'T_26_Done'}], {'attributes': {}, 'events': [{'concept:name': 'T_21_Busy'}, '..', {'concept:name': 'time_out'}]}: [{'concept:name': 'time_out'}], {'attributes': {}, 'events': [{'concept:name': 'T_21_Busy'}, '..', {'concept:name': 'time_out'}]}: [{'concept:name': 'time_out'}], {'attributes': {}, 'events': [{'concept:name': 'T_21_Busy'}, '..', {'concept:name': 'T_26_Done'}]}: [{'concept:name': 'T_26_Done'}], {'attributes': {}, 'events': [{'concept:name': 'T_21_Busy'}, '..', {'concept:name': 'time_out'}]}: [{'concept:name': 'time_out'}], {'attributes': {}, 'events': [{'concept:name': 'T_21_Busy'}, '..', {'concept:name': 'T_26_Done'}]}: [{'concept:name': 'T_26_Done'}], {'attributes': {}, 'events': [{'concept:name': 'T_21_Busy'}, '..', {'concept:name': 'T_26_Done'}]}: [{'concept:name': 'T_26_Done'}], {'attributes': {}, 'events': [{'concept:name': 'T_21_Busy'}, '..', {'concept:name': 'time_out'}]}: [{'concept:name': 'time_out'}], {'attributes': {}, 'events': [{'concept:name': 'T_21_Busy'}, '..', {'concept:name': 'time_out'}]}: [{'concept:name': 'time_out'}], {'attributes': {}, 'events': [{'concept:name': 'T_21_Busy'}, '..', {'concept:name': 'time_out'}]}: [{'concept:name': 'time_out'}], {'attributes': {}, 'events': [{'concept:name': 'T_21_Busy'}, '..', {'concept:name': 'time_out'}]}: [{'concept:name': 'time_out'}], {'attributes': {}, 'events': [{'concept:name': 'T_21_Busy'}, '..', {'concept:name': 'time_out'}]}: [{'concept:name': 'time_out'}], {'attributes': {}, 'events': [{'concept:name': 'T_21_Busy'}, '..', {'concept:name': 'time_out'}]}: [{'concept:name': 'time_out'}], {'attributes': {}, 'events': [{'concept:name': 'T_21_Busy'}, '..', {'concept:name': 'time_out'}]}: [{'concept:name': 'time_out'}], {'attributes': {}, 'events': [{'concept:name': 'T_21_Busy'}, '..', {'concept:name': 'time_out'}]}: [{'concept:name': 'time_out'}]}"
{},"{{'attributes': {}, 'events': [{'concept:name': 'T_21_Busy'}, '..', {'concept:name': 'T_26_Done'}]}: [{'concept:name': 'T_26_Done'}], {'attributes': {}, 'events': [{'concept:name': 'T_21_Busy'}, '..', {'concept:name': 'T_26_Done'}]}: [{'concept:name': 'T_26_Done'}], {'attributes': {}, 'events': [{'concept:name': 'T_21_Busy'}, '..', {'concept:name': 'T_26_Done'}]}: [{'concept:name': 'T_26_Done'}], {'attributes': {}, 'events': [{'concept:name': 'T_21_Busy'}, '..', {'concept:name': 'T_26_Done'}]}: [{'concept:name': 'T_26_Done'}], {'attributes': {}, 'events': [{'concept:name': 'T_21_Busy'}, '..', {'concept:name': 'T_26_Done'}]}: [{'concept:name': 'T_26_Done'}], {'attributes': {}, 'events': [{'concept:name': 'T_21_Busy'}, '..', {'concept:name': 'T_26_Done'}]}: [{'concept:name': 'T_26_Done'}], {'attributes': {}, 'events': [{'concept:name': 'T_21_Busy'}, '..', {'concept:name': 'T_26_Done'}]}: [{'concept:name': 'T_26_Done'}], {'attributes': {}, 'events': [{'concept:name': 'T_21_Busy'}, '..', {'concept:name': 'T_26_Done'}]}: [{'concept:name': 'T_26_Done'}], {'attributes': {}, 'events': [{'concept:name': 'T_21_Busy'}, '..', {'concept:name': 'T_26_Done'}]}: [{'concept:name': 'T_26_Done'}], {'attributes': {}, 'events': [{'concept:name': 'T_21_Busy'}, '..', {'concept:name': 'T_26_Done'}]}: [{'concept:name': 'T_26_Done'}], {'attributes': {}, 'events': [{'concept:name': 'T_21_Busy'}, '..', {'concept:name': 'T_26_Done'}]}: [{'concept:name': 'T_26_Done'}]}"
